frame.number	frame.time_relative	bthci_evt.bd_addr	btcommon.eir_ad.entry.device_name	btcommon.eir_ad.entry.uuid_16	btcommon.eir_ad.entry.uuid_128	btcommon.eir_ad.entry.service_data	btcommon.eir_ad.entry.company_id	_ws.col.info
21596	31134.655000000		iPhone	0x1200,0x111f,0x112f,0x110a,0x110c,0x1132,0x1801			0x4c00	Sent Write Extended Inquiry Response
21741	31136.019000000		iPhone	0x1200,0x111f,0x112f,0x110a,0x110c,0x1132,0x1801			0x4c00	Sent Write Extended Inquiry Response
57534	34211.904000000		iPhone	0x1200,0x111f,0x112f,0x110a,0x110c,0x1116,0x1132,0x1801			0x4c00	Sent Write Extended Inquiry Response
57536	34211.908000000		iPhone	0x1200,0x111f,0x112f,0x110a,0x110c,0x1116,0x1132,0x1801			0x4c00	Sent Write Extended Inquiry Response
58824	34255.395000000		iPhone	0x1200,0x111f,0x112f,0x110a,0x110c,0x1132,0x1801			0x4c00	Sent Write Extended Inquiry Response
60196	34491.042000000		iPhone	0x1200,0x111f,0x112f,0x110a,0x110c,0x1116,0x1132,0x1801			0x4c00	Sent Write Extended Inquiry Response
61903	34558.451000000		iPhone	0x1200,0x111f,0x112f,0x110a,0x110c,0x1132,0x1801			0x4c00	Sent Write Extended Inquiry Response
61972	34560.723000000		iPhone	0x1200,0x111f,0x112f,0x110a,0x110c,0x1116,0x1132,0x1801			0x4c00	Sent Write Extended Inquiry Response
62312	34631.299000000		iPhone	0x1200,0x111f,0x112f,0x110a,0x110c,0x1132,0x1801			0x4c00	Sent Write Extended Inquiry Response
62385	34640.035000000		iPhone	0x1200,0x111f,0x112f,0x110a,0x110c,0x1116,0x1132,0x1801			0x4c00	Sent Write Extended Inquiry Response
66642	34775.088000000		iPhone	0x1200,0x111f,0x112f,0x110a,0x110c,0x1132,0x1801			0x4c00	Sent Write Extended Inquiry Response
75124	35773.711000000		iPhone	0x1200,0x111f,0x112f,0x110a,0x110c,0x1116,0x1132,0x1801			0x4c00	Sent Write Extended Inquiry Response
75299	35809.261000000		iPhone	0x1200,0x111f,0x112f,0x110a,0x110c,0x1132,0x1801			0x4c00	Sent Write Extended Inquiry Response
75356	35810.304000000		iPhone	0x1200,0x111f,0x112f,0x110a,0x110c,0x1116,0x1132,0x1801			0x4c00	Sent Write Extended Inquiry Response
75523	35857.763000000		iPhone	0x1200,0x111f,0x112f,0x110a,0x110c,0x1132,0x1801			0x4c00	Sent Write Extended Inquiry Response
78529	36067.185000000		iPhone	0x1200,0x111f,0x112f,0x110a,0x110c,0x1116,0x1132,0x1801			0x4c00	Sent Write Extended Inquiry Response
78681	36090.765000000		iPhone	0x1200,0x111f,0x112f,0x110a,0x110c,0x1132,0x1801			0x4c00	Sent Write Extended Inquiry Response
78964	36102.446000000		iPhone	0x1200,0x111f,0x112f,0x110a,0x110c,0x1116,0x1132,0x1801			0x4c00	Sent Write Extended Inquiry Response
